ID,TopConfigs
tile:xla:0023795810403f8b0b244d88c901322f,0;4907;5021;1529;1538;2133;2683;4135;2564;3691
tile:xla:005c91ca7a50fffc663678fd44316f04,21;208;288;368;376;498;502;588;623;644
tile:xla:0070642211d5a98a16b94f4d7df229fe,970;626;254;299;813;577;773;189;805;637
tile:xla:008191e0c67a6e7a62cde1a3e1d66795,444;62;701;424;688;635;610;349;1377;1115
tile:xla:008730b43f100be7c2800d7cb89578a4,495;241;216;668;72;307;206;540;281;451
tile:xla:009040dea1165803d6af5279ee67e941,46;61;58;56;18;47;16;59;31;7
tile:xla:009743ae0b7421c0ba735134e658d70e,6648;4043;8299;1986;4755;5161;3966;5412;7355;4879
tile:xla:015cd725adcf2df7ec863bd1d9abf058,266;865;1072;1251;2150;2801;2825;3192;3204;801
tile:xla:0290924419976cd8cdcddd0b5288e9d7,55;209;24;322;964;740;491;315;898;393
tile:xla:029880c396f26948e1afbeed8cef9359,63;390;170;35;65;276;272;48;283;24
tile:xla:02c3fb6c0fe263318106bd86942c9ba7,2156;2567;3499;3756;5712;8659;5188;4505;2306;7880
tile:xla:02df75f5a82412dcfd3989a5a12ee279,632;215;254;273;434;760;864;978;994;1157
tile:xla:038af90a3a43967d62556ed734835c8a,5843;8520;8315;1548;8064;382;5734;9514;9466;7704
tile:xla:045ce8fc9aee4ddf82c54c0067c8af5e,5894;961;1701;2086;2818;5207;4076;7901;6639;3072
tile:xla:049295205e7eba22599751ad598cfa41,115;128;1;19;5;33;7;110;81;93
tile:xla:04ae9238c653f8ae08f60f2c03615f0b,127;688;746;701;788;633;665;554;709;447
tile:xla:04f395ae8566cd29ae6eb122b6480ba3,324;100;5;269;199;35;299;94;319;215
tile:xla:05a0405379b68cb5bb54680646eb97c6,657;1304;1566;113;67;183;680;717;782;1157
tile:xla:05c0abccd28e57709cb7398bb0b70bf9,2177;2925;3830;5064;5413;4224;3659;16;1650;1396
tile:xla:061c41ae2ccda6b7e1fcecaafd5e2008,1240;526;1279;492;209;622;784;860;546;48
tile:xla:06b6b24f68232a7d19187a4ee3a2b9b1,13;17;73;137;163;412;426;481;663;716
tile:xla:0711c0f29bac9c9b912fe57d4a31be88,43;18;38;35;28;51;19;7;33;39
tile:xla:073c015cf2ebf91d3b4d94893da31a33,406;723;799;947;273;241;275;312;395;415
tile:xla:074af5318871232370543bf5bf2e991b,635;413;242;208;688;590;284;542;213;515
tile:xla:076ff2d5d77f006c96b171cc1962fe48,743;24;154;230;268;301;451;513;112;219
tile:xla:07d2051941691e3b36a0d58232d9c34f,12;25;83;97;124;146;42;140;6;88
tile:xla:07d922af667a7a4399fa80edd648ae7f,2617;2673;2768;4150;4597;6206;6816;7102;7437;8148
tile:xla:0803ae2b827a5a92e8b2b80312e2350a,1;4;2;7;3;5;6;0;0;0
tile:xla:08bb62307395882da4a489ec932e1a4f,2590;6020;7537;4007;7515;6184;2924;2062;7496;5952
tile:xla:08bf844bda28efb17644fe3fb7fcc082,867;1636;1614;1150;986;1011;764;1555;379;1434
tile:xla:08cdfab1c86ecfe243bc7ed2065ca7b0,689;964;47;530;628;798;350;1318;133;1016
tile:xla:08dc5f54478cabe5b1a2b08883da60e4,1056;4157;2125;6361;4975;5179;4257;3150;1325;3869
tile:xla:0913ee063d72cf059912035e08a86862,701;707;257;425;312;481;411;218;202;88
tile:xla:09df213cc5f3be5e3922190736afae9b,3918;735;1177;377;390;2653;1998;4288;1504;761
tile:xla:0a1c5dcfa9f1f4ebcc1282a1d1ca8ecb,0;1;2;3;4;5;6;7;8;9
tile:xla:0a3585c3e686065389227fa374175e48,1024;542;752;70;122;215;248;383;1223;755
tile:xla:0a8a2b247d7a20b9dcab1daf50066a4d,386;351;742;301;17;345;589;58;133;792
tile:xla:0abaea94d7b0a1c1f1b0bd23b73ce38c,26;41;45;3;22;21;18;37;35;1
tile:xla:0ac539372cc77cc6791794b369b984e1,550;561;732;752;1175;1178;1690;2467;2549;2568
tile:xla:0afa527a7022415fda1dd69d11e908a4,212;38;79;87;109;120;170;176;234;20
tile:xla:0b1983055544b0277319cb706f11bf56,3;4;7;6;5;2;1;0;0;0
tile:xla:0d23832b4d6670db056226014176e4af,2139;4618;751;4305;4915;4117;1495;3971;3634;3527
tile:xla:0dda1d26ec2609bec11ef9661f529bfb,76;63;30;38;57;100;108;129;172;173
tile:xla:0de02b077422c57c3282f04bdcae1fdf,43;33;36;104;11;26;27;78;49;95
tile:xla:0e1d33b1970552b377d424b806132711,2841;269;1165;1132;1949;2449;1507;1018;1272;2188
tile:xla:0e666fc96496dd3049f4a3ce9b3bf4dc,2841;912;2849;1400;1497;2579;2125;2026;1159;1315
tile:xla:0e6e4837cc6125e58e2afcf7e9804584,725;120;234;510;1425;131;327;334;506;796
tile:xla:0e7d77d9118d564df7ebd3bc61086e2b,788;215;2;736;836;627;887;718;665;419
tile:xla:0ec5369adfde7c2b8e52d97990becee8,1719;1980;711;3252;2226;5172;3404;766;4610;952
tile:xla:0ed6f75b75ba97c4a9dee913e3690f2a,3105;2530;9076;9378;566;1921;765;9480;5048;4493
tile:xla:0f49adf7da68c0f9b69405d6d863816b,328;154;357;28;534;461;286;739;825;180
tile:xla:0f4f897211283a93ca279575ac231d5a,2722;1672;358;3811;2265;589;1910;3893;498;1073
tile:xla:0f8b6139f6d128f1fc0482a35050448d,2783;731;4331;8541;7131;997;7933;3721;737;2983
tile:xla:0f9fde2acd8eea35157488571e1bc1ae,50;118;253;23;248;129;31;32;138;0
tile:xla:0fd5945bea27dee5d3e4ea7ccf012e06,5442;652;1277;1375;2127;2172;3076;3475;3939;4036
tile:xla:1000f473d6c618219fdfb6c4eeb9f03f,245;157;313;448;11;27;110;133;148;190
tile:xla:104b674432f698be9d1164c5abd6db75,786;969;404;882;1454;1149;587;44;1284;70
tile:xla:106cefc4a7230c15586f1ed457232c6d,2164;1505;4667;799;7418;672;6141;5568;2430;8396
tile:xla:10a02953356f912fd0a6f4be23b9dd9e,493;95;89;487;28;345;394;334;317;393
tile:xla:10b37e0464c9dc1c70ac26626e5beb70,522;402;873;454;556;160;363;594;690;403
tile:xla:10e126d03e8451966ec3082875cdce02,102;8;85;76;146;160;143;90;50;140
tile:xla:11569b31e163289279988ae47bf50177,11;3;2;4;1;5;6;7;13;10
tile:xla:1179db33653909e17eddceb731a5d92a,25;450;140;397;210;449;163;192;219;273
tile:xla:119a97d54473021402f5f1d362d1a129,4;1;6;8;12;14;16;17;18;19
tile:xla:120d4e4b6ec49cb6ab32f527704e4610,4071;4549;67;2762;3311;6290;1003;4922;879;9782
tile:xla:1262c284f35d8c83f6e6aa2f19faf889,4043;1632;3931;3342;21;3928;5022;1610;2330;2499
tile:xla:12a232c7bb624792e902c3dfcd42b706,58;6;76;2;40;41;49;85;4;12
tile:xla:136b5499a5411037285d59e0b2b21ca1,541;59;85;197;265;377;428;464;478;606
tile:xla:13bf46020490a2a812528dabd5a47823,637;319;807;828;35;659;663;824;701;87
tile:xla:14847f95e52bfa2da0565e4f05eadd0e,10;18;8;1;21;11;29;19;4;28
tile:xla:148fe6237924d9a64faf8289115d6050,61;74;136;123;2;115;8;49;126;48
tile:xla:14faba54480440b977ab29f97770ad28,21;54;47;17;1;5;12;20;26;31
tile:xla:150b0b4d911eb9c0923c34f80af22be4,666;290;154;670;642;84;113;121;519;691
tile:xla:1544612e369833deae23e81cd90cc5bf,48;100;61;64;37;88;1;5;11;14
tile:xla:155a7cf472204eb76b052c496536c0a8,190;155;433;61;304;238;127;494;75;123
tile:xla:158d794a0870c5166bf7900622032d95,164;464;1219;1383;886;1014;1513;1083;307;317
tile:xla:159061a0da97566cd04d0c51ee0efbbf,4406;1575;70;6420;3547;6795;4144;3991;6481;3401
tile:xla:159d90cce2f0df252cc0f6f21728e6b8,353;4730;222;725;1586;2001;947;1748;2499;2394
tile:xla:15b5fa7228c41027de7ff2b131827982,41;23;100;106;107;105;94;21;22;66
tile:xla:15f6904c770c8dc50d4359c664d95531,624;915;663;337;1064;193;404;1133;423;296
tile:xla:162728365ee29c87c0c949d8d835736a,153;93;77;94;157;222;137;178;8;181
tile:xla:16b302030606136527dc215d11aa3ef0,45;228;297;23;55;288;340;363;8;73
tile:xla:16c4e5535f133899e026d1b219af8574,645;45;63;290;312;388;401;430;463;491
tile:xla:171416b221d3a5043bb01cea0d75da5e,5;28;17;37;25;19;31;12;38;16
tile:xla:17680ef6b07a04d302bfc3c71c4dc68d,100;21;141;135;101;61;24;79;105;130
tile:xla:17a4adc3a7ab057b1b18c938da37f8a8,975;689;102;146;466;472;494;560;1013;731
tile:xla:1801aa06ea4a78e54823fdb1a2d33a59,2;1;0;0;0;0;0;0;0;0
tile:xla:181083d8d0f89d13dd24cd26daaf7d0f,12;13;4;14;7;10;18;23;2;0
tile:xla:182d6b42dfdedbb2ba7d0f20e39e1827,3643;1723;1533;642;2841;33;88;650;1378;1711
tile:xla:18799e8fd250d912738b05d04fe3512c,121;58;237;265;392;395;46;221;294;210
tile:xla:18df50b542340951a728e52690eade41,51;170;312;320;478;361;14;224;63;371
tile:xla:1957d4e65406d44b9d8c9cb9a4d05183,1;3;2;5;6;0;4;0;0;0
tile:xla:1a852010b8bf8e6d6cd7fd865a5df1a1,52;73;44;9;54;22;67;23;62;5
tile:xla:1af25bf59b2d76999372b9962efe5a65,7810;2879;5525;1048;8148;2937;7421;7772;7678;8225
tile:xla:1b852ae6416fca717ef720c3bca35296,61;71;667;500;329;688;1169;599;619;255
tile:xla:1b89e86624bb8db043adc8e3418d85bc,407;118;427;293;7;392;3;106;282;519
tile:xla:1bb6b54121813753b66aa895680b5ba0,735;700;618;442;446;271;642;129;557;75
tile:xla:1bfe6f8cf7ccca23509cac8c4f05dabf,153;28;121;222;341;555;1086;1307;1953;2067
tile:xla:1c63a1f85ddf97b1a930e59131d16268,3750;4443;2948;3886;3838;2182;913;2682;1650;1707
tile:xla:1c7513cc82b31f114c944a323d3cbf1a,112;359;364;379;911;946;1032;1034;1170;1442
tile:xla:1d0cab7aafc06d8b6df5defad492b4a3,202;98;31;243;251;664;588;441;520;602
tile:xla:1d49813c79679565b6dacf353eb674b0,391;202;279;154;904;747;201;187;629;502
tile:xla:1dbf453483e2d832bc935cc6a048d1cf,728;272;57;726;292;706;788;428;276;657
tile:xla:1dc086e3dbb9e7b666abdc7ef6908f0f,111;150;91;21;135;100;159;131;5;7
tile:xla:1e13513abb9d004724c907d93c838938,2679;447;2727;3800;1630;1452;4911;2863;680;449
tile:xla:1e92109f07a62f0c454ec4b2947fa57b,107;301;501;361;42;203;99;132;199;246
tile:xla:1eab795ad5e7be839141208606810e42,36;219;119;138;150;68;106;108;186;12
tile:xla:1ed546f63d1d57d9d8ded12d52413b2d,3593;1514;8202;1989;7709;3605;8573;6712;7929;9120
tile:xla:1f570416496f01801e0b6ff3be652f33,1;8;27;29;38;0;23;43;44;49
tile:xla:1f91d93655c0d754e398b7403cb878cc,8213;654;937;5868;6614;5258;5012;7315;338;2481
tile:xla:201491ec525e69265b5c35b8ea663b14,66;41;126;137;140;242;308;429;641;816
tile:xla:2016aa7a199dcd51c50c51eb5dcad732,230;390;758;830;509;44;746;97;547;756
tile:xla:20977d06119e3681836217845e87bdbc,27;297;35;221;86;254;270;158;381;150
tile:xla:209eb548aa33e5e3376785ae8bd262b8,131;278;354;397;164;371;297;243;198;302
tile:xla:21360a2946aaf30ad0bec612bf397425,75;48;25;32;15;66;18;36;28;67
tile:xla:2141d6ff34b7cd9537ec49e666a60d46,138;1226;369;1717;1065;591;1263;1398;58;147
tile:xla:215d0ceb8cd572eda0939f909256fef9,559;444;716;1043;955;689;553;234;267;327
tile:xla:21b3cd54f9e6cb509ec54a559e06a049,189;526;645;695;927;963;1158;1176;1204;1221
tile:xla:21c9cd174bcc6b619c3ba81c06d40df1,134;205;199;181;127;28;101;104;16;164
tile:xla:21f4411bf1b9265bc851b7a0a59eed58,102;506;226;353;217;459;333;230;258;158
tile:xla:220b9496b2b359951702aa1a061b9c1c,78;155;240;266;295;375;914;1048;1056;1058
tile:xla:2267075245e1e4484232542c85c1509f,905;987;924;1027;1249;897;281;1366;1165;679
tile:xla:2277cf38e3d9f3a39a6f3f1b64a66a66,455;872;26;120;216;354;396;429;681;800
tile:xla:22a10fd1d8658e4948b2cd139ab7cceb,6371;2973;7548;4921;6882;2198;5918;5258;1836;4176
tile:xla:22cfd3bbcc292b0b285731af630f74b7,443;40;472;290;437;473;281;459;414;350
tile:xla:22f14ee781021d94bd748415f5101db0,144;147;131;45;99;105;140;143;123;28
tile:xla:23079d46528043e1427cc315a76f20e2,1378;1776;3142;4287;3381;3143;2891;4469;229;485
tile:xla:2332bcb3cc58e090c42c110d0ac74f91,2917;1635;1780;1789;1865;1876;1919;2159;2403;2433
tile:xla:23ae65ba7fa1aded3115510359cffe05,387;368;162;66;454;88;211;275;191;369
tile:xla:23b0858fd6f1d189ddf05507a2760d41,3662;2002;1174;3848;3489;233;2712;3202;4346;462
tile:xla:23fae06fe752ab205e86e93eb001b410,131;12;77;11;124;171;166;118;115;153
tile:xla:24108bb65cb4809b06d48fe3bff74834,592;209;681;283;45;1171;551;857;466;49
tile:xla:243e74e5a4e7fd7da9384c4636ed925e,1970;2145;2513;366;476;936;1252;1348;1576;2517
tile:xla:245b60fd8dd9bff1dc33eaa9cb7014b9,68;97;101;45;70;179;134;62;109;143
tile:xla:2508761d8c05f18e28fe00f9a84f6430,95;104;125;10;16;20;51;101;113;18
tile:xla:2537b2a53878890151a5fa7799d3f68a,240;284;196;340;320;16;183;339;236;346
tile:xla:255e0fbf6dbb62d1a164f20a92fcdb6b,0;1;3;2;0;0;0;0;0;0
tile:xla:25e50768df16d7c711a7bd7769b3f72e,139;67;200;268;353;388;407;411;650;687
tile:xla:26c8bd665ec4ac25f8ece754e2992109,61;8;75;10;26;72;7;3;21;27
tile:xla:26f4205167717014b98b1f535649b412,1742;2594;1644;2022;1080;682;491;1865;762;487
tile:xla:273cdd7363d77839712948b6ae8d19d2,1437;899;191;218;257;278;358;762;972;994
tile:xla:27e1a9c6fda09e05b9a9b121c4546276,275;1315;201;263;396;405;656;745;1010;1130
tile:xla:2831da08124756eeeb7a5c0f5f755fea,739;679;548;75;150;157;163;178;296;338
tile:xla:2832df399c259d98f4946e83c56f94c8,122;17;40;127;87;25;48;67;103;21
tile:xla:287224a3ce2d583db79e6e956c8fcb77,68;341;361;163;28;308;201;275;232;458
tile:xla:28a5375741493e3ee264bba835c5a099,2704;921;1678;1071;527;3019;1418;1895;827;2419
tile:xla:28d9c8dc3c2980a1297ca08bac7e7278,144;118;95;123;186;140;73;81;188;93
tile:xla:2922e4cf939d053b4d1c2fa459628e83,5844;6786;6068;8627;6773;6114;7360;3617;2240;79
tile:xla:2929ae3ce1a85b76c4188a50f10a6dca,134;184;199;208;627;677;825;727;254;854
tile:xla:299089b6aea7cc09b4936caec68c885c,782;851;996;1998;3521;3991;4328;5727;6074;6319
tile:xla:29e065cb06be8f1523cd6301fbb6dc32,138;9;232;63;293;277;91;236;72;235
tile:xla:2ab7cca8ffaa3ecd27e7a8d644d6f416,69;22;99;93;3;36;113;8;16;2
tile:xla:2b5e539272adc4c910c8f285b6bc6896,152;78;90;187;96;69;122;7;204;92
tile:xla:2b948525e1cdc87575c24f81882a72b0,929;427;892;519;383;349;462;671;663;725
tile:xla:2b9da949ecbbf9431ac72a16c9b003e8,298;639;949;684;651;663;447;328;980;549
tile:xla:2bc89e7959bb44833b5f0d50753c99f7,322;282;289;232;369;226;39;343;230;116
tile:xla:2bc8bbd63d63560807f354df9436e567,931;361;77;155;281;315;741;960;1127;666
tile:xla:2be265628b95cad802e8aed4e44cd6dd,43;6;29;58;18;55;33;17;27;50
tile:xla:2bfdd5dc49dc4c742a841135d737f818,19;76;32;24;86;72;41;17;45;78
tile:xla:2c7065047d5eaa8630b03ada2f3d2385,547;324;612;639;672;752;898;1125;1352;1365
tile:xla:2ca047faf024cd52890090b35061c630,439;158;634;495;657;536;505;74;561;150
tile:xla:2d09e3ab92e184c561abaf8d9efe7b87,89;24;6;23;165;182;34;50;82;115
tile:xla:2d260c22c3ff1d067341be8172c6c3c6,112;1051;161;196;232;317;406;578;834;847
tile:xla:2d6cb01126240319a3d4a5e0a5c1e058,100;109;15;64;9;117;107;67;140;102
tile:xla:2d8bb967a9788d9974f99f4ad76d31f4,378;293;61;619;889;301;441;565;872;49
tile:xla:2e3825b097f2ad56f55ff538b12f31f2,2802;7835;5006;4320;9;1096;5843;8199;4852;5331
tile:xla:2ebe56a1ddb8772e3ca3d5fcd53c5e2f,6290;5622;7112;72;2019;466;7095;7510;4830;5840
tile:xla:2ed25b05a071f287f9f1a04e2324e1b9,585;546;846;864;924;703;276;132;874;905
tile:xla:2f79219d7054b4d8a7f071cf36ac4d7c,13;1;2;8;10;12;14;15;16;17
tile:xla:2fe1177b4fdf6407758dd635fa90345e,7741;5925;2775;1500;4037;490;6646;632;1215;7303
tile:xla:3001fa1de02dc4c132ec994af6178408,15;104;159;193;216;319;359;464;469;575
tile:xla:3054e2e8c42344027b5027b5dd6ee4cc,94;19;41;45;10;32;59;92;115;119
tile:xla:30cbe83eeb542134d64e1b0ac1e566d8,121;232;304;503;303;152;177;448;128;265
tile:xla:30d3f9906adbec55c446b6df344e4684,5;2;0;1;4;3;0;0;0;0
tile:xla:31509abc20054f2608a099f62f126e3b,46;5;41;32;35;42;17;50;14;30
tile:xla:3183f2c7b43ab61b05d1f6f0beb68438,505;76;165;179;238;249;252;448;567;630
tile:xla:31b4052a89507138fc06d82688461e00,68;101;232;41;228;149;42;223;233;247
tile:xla:31cec14c5c237f400d4dc4846446eeaf,590;1649;2466;2529;2198;761;228;2574;2239;724
tile:xla:32ee2f0afdc0a20b1952512cf9a9e37e,1190;334;1224;241;193;567;1284;1071;196;198
tile:xla:3390c748f3374c80153ad47b983faea2,87;16;36;54;59;63;99;133;45;76
tile:xla:339fe05532b959b6b33856aede53e3ab,1779;4957;872;1718;4949;1088;4280;1381;4211;2473
tile:xla:33eda9cb7d5c9cb6ed81fb2fc84f382f,1157;1713;523;4273;4692;2818;2705;1258;2195;558
tile:xla:34105d7d4e01122157c0eec8e6851b22,369;2887;507;1886;1006;1310;969;987;1122;1153
tile:xla:34a21cf24fd3872e9b5d382a3b19c99e,13;61;19;36;43;15;49;76;70;28
tile:xla:34a2312250b792c67d220000e948c2c7,552;508;290;2;210;55;185;201;211;249
tile:xla:3505c76a2f1cad781f2a1597e3ea6e25,2429;1161;7790;1931;5121;7174;2896;348;569;863
tile:xla:3523b75f05aaecb8e8b7bdafea07103a,1;0;0;0;0;0;0;0;0;0
tile:xla:35be22544522b94def2a2ce1d17cab98,82;8;27;2;14;20;31;49;58;60
tile:xla:3610d7e16d0928ea031df76fc178ce2d,0;1;2;3;4;5;6;7;8;9
tile:xla:3638f6c2031d4f3a3ee0a8699d911998,479;203;494;621;0;137;134;8;603;241
tile:xla:369be89f87214cc9963f0940593d336d,729;31;818;395;74;764;860;797;24;579
tile:xla:37003c6a5d82817cd9eeabe654f4184b,4;3;7;10;17;8;14;15;6;0
tile:xla:370873e0e7529704147e3552dd97d7aa,681;878;533;773;638;108;4;730;760;8
tile:xla:37365d504334335d27589029e5dba2ea,824;9012;4734;7146;9807;9637;8954;7095;8085;5241
tile:xla:37702040de6a1ba79e30e327fda32ff0,1235;4529;3326;9092;2047;7717;837;1158;4830;8631
tile:xla:37823950c3cc2fa78a1d415dcde302f7,33;201;5;17;134;185;199;30;45;180
tile:xla:379cc1bdac69ab3483cdc891938f65ec,6;5;9;1;7;8;4;10;3;2
tile:xla:37a9a3cd5049632b6c38dd8e3f296a70,514;462;274;106;443;150;399;267;76;475
tile:xla:37b382fb5e57a2f41a4674fe8ba5941f,215;287;297;486;522;335;309;447;338;389
tile:xla:37b7d74cb126b977f23e3f9453c76ad0,6768;5222;6743;7888;9570;7164;2128;9363;1916;2811
tile:xla:385de53086be47f29260a91fc1dd5a26,2263;3208;1196;3660;3284;3792;2302;747;269;2726
tile:xla:38e3f75abe1afdb180d31b35af3aa9a8,56;80;11;83;96;44;17;64;47;81
tile:xla:38e8d58bf3373385748726cc77524d11,0;19;3;13;23;4;29;22;11;21
tile:xla:390fc89ad36bc81be52da85d29d2f84d,119;7;61;12;56;135;27;74;5;49
tile:xla:3a925546ff94d8052242692d4412c807,972;1136;817;1295;550;809;20;3325;2256;35
tile:xla:3ace3f1ec8c0887d9f732e56d8e20d39,15;52;53;70;56;74;62;78;5;25
tile:xla:3ad7a21fdfc9fce79d2b9c3f83397989,993;1197;76;333;1259;1416;268;137;1218;943
tile:xla:3adf87c46a1ebabd78d94fd6210b0bc0,341;395;14;31;199;456;191;401;380;416
tile:xla:3ba313ae4e95243c9a2a7a5fb5a4f096,926;439;519;230;608;420;431;578;583;240
tile:xla:3bbd8b9ede8311e8e3b434ea4fc7048f,66;222;285;380;631;1016;1163;1364;317;119
tile:xla:3bf9e6f70261f41a6df5eaa3939608d2,205;285;201;293;146;108;424;990;242;7
tile:xla:3c2b65a74ad712740c167a90c512d133,92;68;55;44;58;75;49;91;17;70
tile:xla:3c85c4e165540138fbbb362de6ce40d1,79;137;29;132;101;15;98;122;19;20
tile:xla:3c885673e325cec6d51a33c558b5047e,65;8;62;98;50;97;52;2;15;10
tile:xla:3cebc9308d0e1085777e5aaf2cf5ca88,2;0;4;5;8;9;10;12;14;20
tile:xla:3cf4f8126788a988bb9447bdfffbdfa3,2993;228;667;700;876;1698;1981;2699;3070;3152
tile:xla:3d44ff028a1d503dfd9b4fa85b101cf8,473;396;981;109;318;505;402;216;64;139
tile:xla:3d8a7cb3c1fec9dd8174e57bcdeb9fda,248;515;595;693;778;385;656;16;159;224
tile:xla:3e35461fd558ca6eb8822ee9d9dda24b,6;4;7;2;1;3;0;5;0;0
tile:xla:3e4fb155386cc9cca05a08972634dff3,12;49;113;10;20;38;41;61;73;86
tile:xla:3e6331b6420164c84b606b3dee4c3123,442;681;580;363;832;882;392;738;58;269
tile:xla:3f23db7272243cb90ae5da2e5b52a999,3;14;23;28;17;10;27;43;2;40
tile:xla:3f399b5c73d14f1655d2a6e0423f5c05,3673;604;1663;4953;3376;2748;4501;4949;4852;1985
tile:xla:3f5877aa3729668ff8138c1762f5f07a,0;1;2;3;4;5;6;7;8;9
tile:xla:3f8bf25118c9ceab69e74e0f2f0dec72,314;202;286;420;173;82;299;385;204;88
tile:xla:3f8fb71e1de25d5d709c1a540a2505bc,122;148;274;344;366;399;430;484;582;609
tile:xla:3faf3dcc898db6dcb16a491dd354e87f,2036;735;608;1886;3066;2503;1997;1884;1042;160
tile:xla:3fd09bd896675dea1c4ef445dd6c032a,714;3873;3062;2684;6581;2611;7693;7912;8108;5252
tile:xla:3fe6a5ce0abbfa76178a482990816c25,27;37;211;424;651;1264;1963;1975;2135;2286
tile:xla:402afcc7b0e8c3377fa21ec61b5d3514,13;39;50;109;41;19;96;9;33;91
tile:xla:403b920fef3cc6021cffe9960fdafce1,35;72;97;138;225;273;487;502;529;698
tile:xla:4046fb97b72bea6304469200b6cca977,71;61;72;82;250;57;64;102;231;154
tile:xla:40c6586114c95bf25d4aed4fe33fc291,7788;6027;2503;1728;7188;7365;7157;3000;8441;1171
tile:xla:410664beae0112bfbba658fa130d4f17,113;68;75;83;81;10;94;30;114;78
tile:xla:417d30b0f01e1b0e3b9c3300fd3dd7d0,235;264;275;305;467;487;506;253;257;337
tile:xla:4184b887f2a686c9a91887945c51acfb,106;97;101;69;35;4;14;20;46;18
tile:xla:41adfd6f3552a132299ad355e89c18ad,33;120;68;103;86;27;36;77;74;137
tile:xla:41cdd9ef056d0cb31bd4edafc9616de3,374;3040;4044;2545;2779;1015;871;913;2557;3991
tile:xla:41e0ad0236cee53ef6d0e237d185c643,1161;1352;1435;2003;597;1537;326;2083;1755;1278
tile:xla:41eb55c0421f885199800092c533eac4,196;269;36;130;145;150;183;267;483;563
tile:xla:420730b7437fde812543d5e2c8ebef70,3;5;51;28;8;2;14;1;21;7
tile:xla:430a05305209f9f8800c38f3169c15c4,1378;43;375;388;509;555;556;826;908;1030
tile:xla:43f3ceea305a29037c3c3d0afe605dc3,140;91;1;106;122;90;10;38;42;43
tile:xla:443fff7e8e9e731ba17bcff0fc57d04b,20;8;14;11;6;19;24;4;18;17
tile:xla:444c7fe5f48574e5ab1b16b16f1852de,25;13;4;53;43;5;37;39;47;16
tile:xla:44b328ddba14dc9c63794a8e111f0117,207;393;663;3;6;49;184;237;317;613
tile:xla:44e66cef0f7628c9ef61bfb4319a6861,18;59;10;7;0;42;60;45;15;26
tile:xla:45325c485e11c6cadc4df8236141af74,767;775;510;228;391;546;796;180;831;516
tile:xla:457bb743842c5b401babaeee78282418,3;1;0;2;0;0;0;0;0;0
tile:xla:45a9d8170b391eb6e711d1862215785d,468;426;297;220;440;81;261;549;289;193
tile:xla:4605a1d6581d313d5d6ab0a5ac5093a2,739;1319;833;1751;2173;1756;56;295;557;964
tile:xla:463612ff30619335fe0af213c53b262d,57;12;60;33;16;28;59;43;35;58
tile:xla:46768e3945d6234b7a7ec55fad96a5b3,4;104;36;146;32;158;128;179;160;30
tile:xla:47037df67e24913fc54f25f01a8e2df6,9480;2576;7541;3453;1422;1467;6076;9027;8265;915
tile:xla:47709b8a5ad520489eaa5a8e3c900ea0,3;2;0;1;0;0;0;0;0;0
tile:xla:477d751f4b3b5aa1c0b3d18a57b10347,455;1246;593;356;38;424;571;1254;832;907
tile:xla:478b65b493a916d0157c2a803aa92e31,2608;1883;271;195;2106;2040;61;419;570;547
tile:xla:4793b9fc31d53950997b1669067f8658,630;824;313;447;369;492;34;538;160;88
tile:xla:47f8c860047bbb7a3f7f1ce7c503c7b2,7;9;8;0;1;17;24;26;30;33
tile:xla:483c2db1d9cabed6420f5a16168a54ba,4146;2405;7318;2757;6339;998;6101;4789;1338;1956
tile:xla:4862551bf0c916c347380b4b187a6d00,164;58;52;153;197;111;139;152;42;12
tile:xla:48729b1dbf5ba6831f9e3dc526a254ec,123;157;264;318;326;385;496;551;658;715
tile:xla:488bf17e123df3e4231b1d1ed95552f5,5205;4821;3730;2191;1458;282;454;3107;2570;1827
tile:xla:48ae3aa2b55fbc4fdc99e1825d5ee207,927;906;3075;2295;1671;1059;2797;1606;2427;937
tile:xla:48e5c6e8c63cb16061fc6425790992a6,7786;6357;4773;3684;2561;5004;5378;2247;428;5987
tile:xla:49892caa0f3ab3e3f0e2133111450e05,1;89;128;210;236;508;603;638;714;220
tile:xla:49c948f61e7a37b392b14235eeeb1d17,37;47;38;33;22;16;46;10;25;27
tile:xla:4a1d9f054c89c29b6ec14101ec66336c,107;12;87;105;2;16;27;55;66;115
tile:xla:4a38e5e683f2ded9a2a5d2f0e6a3f724,4735;3917;6976;292;7437;2009;4325;4691;1425;1341
tile:xla:4a83877309d26f07bb672721dd2bd77c,263;165;230;878;944;1252;1269;1485;1550;1606
tile:xla:4aa7bd94d7cc5c14c4c5caf6081a3f33,119;284;25;282;65;221;144;128;371;126
tile:xla:4bd05535dddd6a7ed2ca31dd93ba6c28,391;739;688;147;267;608;49;176;66;775
tile:xla:4be82c4b56564148a941257c30389406,94;186;97;71;3;11;81;83;85;93
tile:xla:4c900b8b85348c80fde7f52d2d6f8f64,170;757;671;277;409;782;707;34;660;204
tile:xla:4c96820970c77c4b5cd84c1faf3bc170,7;35;5;13;21;30;67;80;92;115
tile:xla:4ca356313864c2ffacb75be858c0d077,9361;6828;8757;8905;4746;8488;7246;9289;7033;4032
tile:xla:4cab633972ffc909f7f0a9cefc36acae,37;1040;606;768;489;1151;925;938;1033;663
tile:xla:4d1aaf660cf1e107f11e76da66b4671a,206;214;321;8;292;162;297;260;370;243
tile:xla:4d3ffc822a0ad2f55a4a3c16b45ca037,111;27;80;42;32;6;63;66;91;87
tile:xla:4d5b434090ed1b3ff552d02c62b1a96c,956;347;1111;689;698;509;454;899;416;1473
tile:xla:4d7086952c254ba4a1bcb2706b9b1552,0;2;1;3;0;0;0;0;0;0
tile:xla:4da35e3375be94038ec650417e3863e5,399;296;268;214;14;301;403;124;371;312
tile:xla:4dd1716853ed46ee4e7d09ede1732de8,5234;650;9369;7650;5501;1995;9164;7543;618;1661
tile:xla:4dd6c6c39c99ba7570570a3871ca7fde,202;154;23;218;99;174;82;84;145;4
tile:xla:4e34582339f65c5a3d2f80fa65059ff5,438;205;61;147;171;172;335;422;431;432
tile:xla:4ed38e9ba18d48c50f4bc9b515e479bf,0;4;2;1;3;0;0;0;0;0
tile:xla:4ee70376fe5cf2d9cdcb6a1586ff81b6,659;649;607;226;163;799;12;88;253;17
tile:xla:4f222cd58108493ac2db9cc0fdd3bc62,77;63;126;80;20;129;44;152;154;146
tile:xla:4fd0d8b264c6c65a4247cb0a0b93b1c2,32;117;165;267;495;555;664;728;795;801
tile:xla:50233c4ad6ebb1ee296cb6258d2240fb,4095;3585;4424;2219;4150;2631;1418;2007;55;1277
tile:xla:5026dd538c67cc120dd1903e1d444016,102;314;375;79;394;288;211;251;340;401
tile:xla:5099fc8482a1b436873cf68191ca61d5,2695;375;4638;501;3670;546;2820;5147;4599;4913
tile:xla:51e65607ac91748562d4c1498e72d5ef,782;6790;6632;3007;7165;6468;4057;6935;3666;1212
tile:xla:51f288be843f15e7d2f2e7b40182da9b,703;580;90;1288;1222;97;413;495;636;702
tile:xla:5201beb9ca1b4e99bfe7ec6dd6f0721c,68;7;69;12;4;71;15;67;36;55
tile:xla:522293fbd9014c112eea803bd8c01da3,307;152;78;274;328;351;535;690;268;354
tile:xla:522ccab615d5de8f414bd5925197567b,4282;5492;4352;6216;2667;5220;1513;6258;8584;574
tile:xla:530173f4d306349c2aec5e70a9b966bf,126;300;727;84;599;417;232;898;588;406
tile:xla:53121d52cc29e554cbe1382200f3f914,325;344;347;202;204;12;22;321;0;332
tile:xla:533486e6fecebb7df906d153b9355df7,123;492;1067;245;254;445;618;740;761;1039
tile:xla:5335b1489ad111732b7460fb4afd45ed,849;97;281;390;412;448;507;570;717;820
tile:xla:534ee5f13eab0f69bdcc4873f5088eb0,6;3;7;5;1;8;0;2;4;10
tile:xla:539e3e818bfdfe7bfe3823ad7bc1e5e0,28;122;113;38;89;14;98;27;70;136
tile:xla:53b5e34ab8d8237f014b323c963c97d8,78;109;369;456;527;842;921;991;1107;1205
tile:xla:53cd09d56985c136df1aebfa2b7d150d,427;380;54;362;71;180;207;215;258;376
tile:xla:54388445f50bf76e64193a67147efdea,3745;1639;2692;3315;3570;1320;965;3531;2181;291
tile:xla:5469275134b357895c1dd3e2f98022f7,2005;4108;3747;8108;974;4593;9649;2843;2506;5444
tile:xla:554f974f026f3645d7e301479f0ed9e6,16;5;13;2;6;1;3;8;24;25
tile:xla:55cebbadd2b1e32f6c06779449bd5f9e,3649;5643;3792;323;1728;2580;2697;3474;4885;5107
tile:xla:565d336fa1d2611f2930d883b29799b6,7;14;23;25;27;30;38;97;51;56
tile:xla:567d18d07af7c35eadd3e79ddaa9de65,383;44;319;374;50;72;134;369;310;183
tile:xla:56b8dcf9b28ddd88f5fb359186c4f215,192;57;182;671;1171;1080;1294;961;109;1298
tile:xla:56dc01c1f720c42a53ae87e025c1592f,16;25;152;163;212;214;420;425;620;694
tile:xla:573ea091267ae13f76a14d7bd0a4c2c2,94;40;42;73;83;89;121;126;168;184
tile:xla:576120dace5c538dba923e430f6933e1,182;44;227;237;310;154;198;58;252;236
tile:xla:57612df6091fe11c498a48fc069186dc,187;195;240;162;57;101;126;129;139;144
tile:xla:57aad5ff6faddea74fe8f2b9f926fd2a,28;56;94;97;149;140;139;86;129;4
tile:xla:5821c1951326d22848e783d19df77fec,86;558;780;334;801;103;90;467;163;304
tile:xla:5856748c8f1c66efdb6a6c45f98e1859,89;232;274;323;412;479;680;713;766;770
tile:xla:58a5385978d6d4e12f14b4329de36548,1018;1412;231;1022;1265;235;1505;505;1195;1226
tile:xla:58dd679c6ff5cc227d913a3fc16fce06,47;30;6;54;10;15;52;35;41;48
tile:xla:592804fb43b170db0dc9a5434f6d97d3,11;1;6;32;3;42;44;20;46;16
tile:xla:59309b036da76705d1fc14d5f3dc90c6,20;63;27;65;100;30;45;111;57;78
tile:xla:5963426e950e9885f1c162016794eefe,50;87;94;53;61;23;20;31;28;11
tile:xla:59e544739136d3ce84bac0b42bd3a1c5,644;315;696;765;270;650;502;43;72;234
tile:xla:5a734700b4dca3027b56011b01fd4f03,291;644;503;165;441;584;98;122;439;739
tile:xla:5af063306312b5164db775c82b5df9af,0;5;4;1;2;6;3;0;0;0
tile:xla:5b2ee86012f40413ab109039bc98b877,43;12;16;75;8;7;91;45;113;58
tile:xla:5b84fc48a14f131f0bce503e401d7a81,2613;2369;3082;1556;1191;2068;2719;436;2920;1641
tile:xla:5b9f8ba192f9fb8ae999524fce376ec7,679;555;432;342;307;739;688;259;525;213
tile:xla:5c02e62c10e5b419257d5e197b86892a,68;8;18;60;54;29;16;70;23;0
tile:xla:5c2478b5096ccfad72986eb07515676f,46;69;54;23;68;84;8;28;65;12
tile:xla:5c92563197727ecc80032a2c393b9c29,73;39;53;41;59;34;24;56;35;47
tile:xla:5cd5140c3122cc64010552a22a2ac701,277;548;276;149;97;463;349;528;230;126
tile:xla:5d01c8e61fe29ba7b911dc3e4e69fbef,120;59;69;150;137;145;72;42;65;35
tile:xla:5d6f4f51dcf257f2f9093b9e16e999e1,777;298;532;206;67;199;228;239;269;450
tile:xla:5e3817a82790a84b6956dbb853e8b3c8,68;148;22;79;92;72;6;73;66;133
tile:xla:5feea5f6e47fcc9c5ccf7587c16ebe1f,1388;8628;5413;4310;1307;6050;8575;8000;4630;4384
tile:xla:5ff19f141bbd009a1ea0514bb7983e7b,6063;3033;7172;8572;8992;5175;6902;7855;9926;3206
tile:xla:6000f82146e4a847c0616961c33ecdbf,137;106;77;7;33;4;2;103;92;63
tile:xla:601666f1122b36dee0d070f703b0de1d,8;13;24;26;29;14;1;17;21;28
tile:xla:60c042ec6c3beb60211c176dcae34141,1141;245;1222;135;441;868;864;1231;104;2
tile:xla:6144042c911d82466c3b688074e185f0,789;6526;8468;9122;9590;7250;8929;744;1916;3746
tile:xla:61a447595f405949b1ee02b98727158f,1148;967;1243;507;104;865;199;266;870;3
tile:xla:61d0da767f037a0caead3fda27ff6324,115;5;179;20;186;18;177;138;113;148
tile:xla:61dd0e5cb964bf0652acd33ad198f807,254;689;528;198;399;801;210;277;622;432
tile:xla:6237836dc4672810d36a6679ebd67b99,729;418;385;783;185;398;898;94;899;58
tile:xla:6297c4d979e7969b46e887521f5912c3,63;64;19;3;84;26;5;78;22;80
tile:xla:6302d2e2390c51d0dc34cc06861cd178,398;2744;5506;5915;4581;3335;1102;6719;6969;4579
tile:xla:634f6cf6b88b10b12100a4671ca6c759,36;110;24;50;0;8;6;103;5;62
tile:xla:645688bc03db7769df973368bce110f8,0;1;2;3;4;5;6;7;8;9
tile:xla:64c8d7af6be1888595f9dbf55e612f04,1;2;4;6;10;11;12;13;14;5
tile:xla:652aadb0614f2a8867c3aadcddd820e3,265;192;76;144;433;73;259;269;120;214
tile:xla:65754efd3f004920a0ec779fe543ef4b,513;25;137;770;38;76;1145;851;5;191
tile:xla:65dc82b7231c5b4d0a651ddbfcb19613,424;158;53;339;9;140;234;505;60;379
tile:xla:6647c87535c9d64a15a0da3c6319c517,0;66;76;105;113;172;358;376;390;426
tile:xla:6692f7a6518c17063aa533b496043c73,3;5;2;4;0;1;0;0;0;0
tile:xla:66a267cac5cf4becd1fc0df3f8785c70,78;39;117;150;61;69;125;154;135;8
tile:xla:675a12ea0315ded4fe1b6e607d5eec65,0;2;5;3;4;1;0;0;0;0
tile:xla:67d829be0df6a19794899990485f3ff1,46;77;50;36;41;65;43;3;37;20
tile:xla:6803f415ab1f7cb03f94f04756ba3828,107;112;21;174;19;27;65;81;82;92
tile:xla:68c5989e333c40d46ccbe8ab8e08ed2d,20;16;7;0;2;23;28;5;26;10
tile:xla:68ca2cb8b22ea275e28bc9e3cb9820c8,334;270;342;101;321;25;165;92;248;87
tile:xla:6971d171d410d5ef96e7ea1edfa07210,643;619;187;29;84;185;744;549;317;568
tile:xla:6a871664913c444531f15191336f42fb,15;29;37;26;25;30;38;39;2;12
tile:xla:6ade7005f43477b524f408869c7a23be,191;200;231;256;299;445;632;663;672;711
tile:xla:6b3be2600927a0e1659c70478ac30265,9;72;156;43;153;79;146;59;103;109
tile:xla:6ba9ef6d9007dd30f738cd0fa4eabcbc,266;60;161;231;155;294;234;132;216;118
tile:xla:6c18c36456ce2a174edd44fdda67c8f9,336;45;60;112;421;548;618;627;622;46
tile:xla:6c9569b6cc9662696a9fef67adb6117b,19;29;36;38;287;637;648;752;780;830
tile:xla:6c9bd8fb6b9cb4d37202927553c95a33,14;18;19;8;10;15;13;6;12;16
tile:xla:6ca696e19657efcd1b434b29473172fa,149;405;75;400;201;14;251;136;104;20
tile:xla:6cc921dcaee6fb44ddfd22c127a2bf62,544;364;517;574;115;520;628;551;448;110
tile:xla:6cf339737c41cb124660b9d5d74a09ae,1121;1483;709;724;660;1105;54;84;104;491
tile:xla:6d54cfa452720a1802eb9516679dae66,3;1;19;12;15;4;6;9;16;24
tile:xla:6d623120471a6053403133d841230306,101;238;517;606;679;894;1100;1200;1365;1453
tile:xla:6dc2d8b49f54274c8e7dc9c2f58149c0,291;14;493;270;412;175;199;238;300;349
tile:xla:6defd507783d75ffdecc3a04975f7d99,17;9;5;8;0;7;2;14;10;4
tile:xla:6e0358199489ac4133c75c661376660c,34;12;37;28;42;18;6;24;3;4
tile:xla:6e3d8e1b96f9953cc19ccbdfd912de1a,238;60;201;417;310;340;269;430;148;394
tile:xla:6ec96ca52640832842b7bf32dfb43b5d,2;1;0;0;0;0;0;0;0;0
tile:xla:6ed25f3ba90cf246ab3b9d637c70e61b,7417;2454;150;712;4661;7210;587;3732;4458;5643
tile:xla:6edf8355964cd3b493cabe7e9caa5201,113;40;66;34;55;114;160;119;90;104
tile:xla:6ee4b1e0585d266efb2dde1fac8cdfb4,471;116;280;308;459;520;543;571;681;736
tile:xla:6f80ef454744ebc2641433206f2c61fc,1415;486;2067;1120;614;150;204;353;510;761
tile:xla:6f95ec3b0dd64b70b056449a4002411f,3548;8535;2459;8756;9738;864;2247;3392;126;8522
tile:xla:6fc911aa09880b7cc2d04dc6c4f22dd0,325;914;39;100;171;451;559;619;871;1023
tile:xla:6fce8edb767fe07b2d3f1521d1d5dfc4,22;34;25;40;4;51;30;62;23;29
tile:xla:6fe0eaca0f87dc848b8d32cfd850fa24,2063;1446;566;2663;1413;632;2047;1924;381;680
tile:xla:6ff2fe0ad9f8d3dcad421d0aabc68cb3,110;41;69;18;84;115;35;49;117;138
tile:xla:703d190d3e84c55690b8a4526bad1447,113;93;161;83;3;81;90;80;110;76
tile:xla:7061e6843205019f4f92813eea0198b5,19;28;30;2;4;32;10;14;15;13
tile:xla:712775a7172527588e3c77af15c10591,9883;1610;1247;8185;4500;820;2036;3239;5038;1708
tile:xla:714add24f07c21c1f687a4d096917b4a,4;2;8;7;1;9;14;15;16;17
tile:xla:71dc638d63946151862fab0c521d6087,26;15;17;16;1;2;4;7;18;20
tile:xla:71dfaa04cb384fc35c15b7fbb5ff3b28,900;627;167;669;849;915;889;31;528;486
tile:xla:724dbd338923da4d9fa688d5b19a66fc,589;1166;890;574;1431;703;829;363;1984;947
tile:xla:726bbecbfd4ec63024bd8f4989d61837,25;18;1;17;13;12;27;7;26;20
tile:xla:726dc7966182c071b0dd3744c9d1ef1c,3861;2684;620;1852;1845;3268;2250;71;2096;2102
tile:xla:72ba9ab76269be7c8e49a5fbb11ef698,134;912;428;1404;194;1458;564;175;1149;362
tile:xla:72e8d1d84ad96f46d74c802a75496f92,1229;1505;1480;1325;158;1144;1405;52;1263;1726
tile:xla:72e9fc567e22796ad3c058d93c056dbc,1416;60;138;244;655;741;764;826;1132;1162
tile:xla:737ac072c8a66751753c055f359b651b,129;178;95;87;125;172;23;14;53;241
tile:xla:746d001b150bede99731e62a85b7157e,1221;886;516;539;417;1012;186;29;380;204
tile:xla:74d72cc0bdeeb5ca10c963120733b6af,164;144;748;41;734;242;417;515;207;399
tile:xla:750b2acb1e9e7e6884ff6de304c3aba0,198;382;859;1696;2297;2724;3262;3892;4581;6805
tile:xla:75121ad778d92722504f620c4c108f45,510;58;1042;97;356;7;816;260;398;958
tile:xla:75de5e5d350e56a396ffdd6d9af6a688,16;1;0;5;2;17;12;6;13;19
tile:xla:75ffaca23fca7022ff0b2be0837bb969,48;138;230;161;141;121;47;68;159;20
tile:xla:76236899a823991aa538186a4319ae0e,666;1115;1206;140;189;296;469;480;482;653
tile:xla:76c81b6d5a1ae14c470ce1a3aa75885a,2031;1608;2268;1638;289;2916;2357;141;2470;1121
tile:xla:76ef2fcd3969ac4f706875e6793f1832,162;970;367;344;945;648;55;880;692;917
tile:xla:77aa6b91b187e45382c23a019a0e4edf,630;2407;3498;3243;1628;3354;272;336;506;816
tile:xla:77be4d38c417d776603d0b291b1fb2ad,1;136;841;951;1101;1248;1183;1094;68;71
tile:xla:7800d40d6660fd702f5c3aa4d10efe3c,159;284;309;463;508;943;1088;1254;1605;1674
tile:xla:7881dbb80fbbd668709a881a859d84bc,3;448;989;1111;1241;1600;1719;1805;1879;1937
tile:xla:78c9fe9ec99292e30ca5b702246cb3dc,284;482;559;777;836;999;1103;1317;1347;2076
tile:xla:7919bdd46ca6fb290d95262e5995c887,217;73;443;473;488;36;61;236;340;499
tile:xla:7976a71aa88a7a5632c5ba63615732a7,348;719;21;93;133;187;370;484;496;597
tile:xla:7a2fa6ef1adec39589646ff6e1f2c09c,226;82;514;284;773;421;68;369;796;46
tile:xla:7a748d670363d92bacd4759eee9f8474,96;148;146;1;5;21;26;37;155;34
tile:xla:7ad4e49c7175cae43697ffa30eaae412,50;40;90;209;220;273;319;344;422;461
tile:xla:7b20b824ff462d9e252f98549f2edec8,2;3;4;0;1;0;0;0;0;0
tile:xla:7b8915f20079a496c241f7cb2ffad218,680;200;841;779;642;975;1356;902;197;223
tile:xla:7bcc671c118440d770f79e4d2760e34a,5;1;3;0;2;4;0;0;0;0
tile:xla:7c143a542021d00b377b764bace2720a,15;7;18;25;6;12;8;28;17;1
tile:xla:7ca269cda140e3704fbbf60cdd029779,6;105;66;98;52;116;126;30;47;75
tile:xla:7cd13f187af8bded9afd6cd64d8ff3c5,883;41;60;183;184;295;343;407;730;762
tile:xla:7d314295403544719fc8fb837cd3a953,267;342;370;575;589;613;687;757;898;977
tile:xla:7d42e6878f8bd7c860bfc0d6bec40849,1189;1037;779;867;1317;834;995;758;739;206
tile:xla:7eaa86c92baa7e112c6dba9215b4e9b0,16;275;293;488;526;555;619;683;687;718
tile:xla:7f5a8268291cbac1c91ad412d8d92335,181;12;97;122;153;217;277;289;411;435
tile:xla:803315aa27503621c169691edc15f3bd,10;52;1;24;44;50;5;15;19;43
tile:xla:80752138b09d7b37f2a194323e45cfa6,731;56;110;166;474;621;666;853;1011;1139
tile:xla:80bdae9e920fff6014e319388dd1c0a7,43;69;170;298;340;384;441;495;601;640
tile:xla:80e5fa5a237a05bcfe4bebd0a2859772,68;443;586;615;130;234;403;506;417;366
tile:xla:80f0af315263383b7218281c2bc4ca80,7729;2582;3634;5395;6866;1949;5908;5539;6097;897
tile:xla:8113ae7d2894dba021c2a4b2dfe3cf8f,2554;6820;6839;1130;6444;5765;2269;1140;2479;2748
tile:xla:81397caff421b20a6fc1ed117911d78d,642;1791;1693;1618;1612;580;539;1525;1622;1172
tile:xla:81a65b7017decc0354a9b50059f7adc7,53;46;17;132;101;116;184;29;63;114
tile:xla:81b4c6d73839899566bb9f93fc341202,117;165;131;43;141;118;140;126;160;41
tile:xla:82316a5d47cba9d4afa18175cca65721,49;31;34;45;13;8;71;5;19;47
tile:xla:8239a48be3ab50ef3b192dcb32c7d95c,50;52;35;45;47;51;69;91;100;103
tile:xla:82dc7e30761044b1b81065bc2f87de2d,136;322;324;308;91;170;2;168;18;80
tile:xla:835261328abad8b95b573234d74288ef,80;28;10;1;66;30;22;64;24;17
tile:xla:83a54b8a7ad6d129d69376159805511c,2;0;5;3;4;1;0;0;0;0
tile:xla:844ad8a308c7d96b66b4da3b7f807feb,209;335;34;190;912;599;531;55;596;555
tile:xla:8565a3bce440f4feb1d59357b5f172ca,27;6;37;68;39;80;28;32;40;42
tile:xla:85d157d3b1848c6b6fff0c633876e2e6,4094;1611;5;548;746;1896;3004;3749;5206;5522
tile:xla:8601bdb4ef02109048214e58a9b57ca1,576;920;237;424;70;153;850;494;417;442
tile:xla:860eb5b703b4df458fb33124d396c8d8,62;86;274;319;14;93;235;82;316;338
tile:xla:86135e0bab6f882e0b9883e912ab442c,848;238;916;860;352;880;873;360;272;202
tile:xla:86182417f48077cf33c15ba9ea74ab45,10;69;68;86;152;48;133;49;110;16
tile:xla:862900d42397d03be2762e1bf7518bea,707;161;206;287;935;1344;1409;306;1048;1563
tile:xla:869688872e9d89187310045c67179092,5680;3519;8095;1024;1639;4374;5492;5166;52;7597
tile:xla:86ac77f23900b55fd677fbec0d587bcc,47;172;231;338;861;871;934;1749;1794;1817
tile:xla:86bfc63a0b729035c831e8f570179b00,88;40;130;121;251;308;72;179;0;188
tile:xla:86e260dc400108cdfeea7e97452f253b,262;214;62;783;850;302;481;29;357;788
tile:xla:870c76b8ff5fd535fb2f57b90c29a490,39;921;269;1192;712;508;1260;864;1003;205
tile:xla:8742b8851f04772a4e62f240a6e8479f,157;577;601;180;56;35;386;2;753;106
tile:xla:877c424ecbb40842625e8c1a2ca681f8,2;75;52;48;57;38;10;7;20;58
tile:xla:879a423d6077d92a49dc4cdd44be5a97,0;3;6;1;5;2;4;7;0;0
tile:xla:87b16d293340f40b777d57189bed44d5,285;412;574;1207;969;493;60;275;826;1211
tile:xla:87ff523321ed668623ea825ea6572064,4010;4443;1478;286;3086;1966;1851;961;2397;3810
tile:xla:883ae7235453f0334b3e7840fe6ea8de,5;6;3;0;2;4;1;0;0;0
tile:xla:88c00cb7ff57b0bb40ff7822edb1a1ae,4113;5860;7900;934;6882;936;7597;7598;6819;4933
tile:xla:893690634601b5ce7e5d5208479ea65d,141;119;164;162;147;68;17;90;99;2
tile:xla:89aff1321716e87d345630dd6a311e44,1925;850;1319;2586;713;1973;639;2951;547;2680
tile:xla:89f5c24cf4c3c6d65ffff9c207adc20d,564;907;383;261;580;46;504;1220;56;202
tile:xla:8a12acaee378ef7c31fd4bf3e1035ec6,150;87;3;46;73;129;83;131;133;136
tile:xla:8a9d73933bc5848476811a48783638e3,41;57;22;58;16;5;13;28;46;1
tile:xla:8aba2fb1fe72f8966d52c3eb7d4ae409,57;64;92;93;96;127;549;550;556;576
tile:xla:8ae3bb439bc38a8297255ec37150bfe3,7471;8550;9603;6654;8173;7142;3483;7529;9257;7328
tile:xla:8b7bd68b5416e1883feef95516347726,43;52;41;6;7;44;27;35;42;16
tile:xla:8bb3f60c934a9ab116fcc3b078b136b6,84;116;16;63;90;189;20;26;143;260
tile:xla:8c7780be3785ce4e4ebcb7c29cadefa5,245;26;512;201;7;160;482;351;4;67
tile:xla:8cf99ce519d3c8b4caf7f4193c8274eb,1;3;0;2;0;0;0;0;0;0
tile:xla:8d9ba474b677ef84eee09878e3155226,58;12;29;30;49;56;14;24;45;16
tile:xla:8dafb2e8adce1d0ce8366daf52def9e9,416;1958;578;1290;765;2423;4455;4558;3751;3136
tile:xla:8de95aee9d9ac349c898999c6504fb00,190;59;373;392;4;338;293;387;495;300
tile:xla:8ea39f55cabc476a27e1e30ab390a525,2;6;8;16;3;10;5;14;13;12
tile:xla:8ed2d58bfa93e8e89028647ea7e477a1,136;161;306;593;393;118;245;520;523;165
tile:xla:8fdfa4e9964fd267d5864d0de8400c62,246;42;90;0;20;40;78;92;125;132
tile:xla:900b68aa1a7a1352d09d0cd64b4f9a39,36;32;1;65;10;73;8;17;9;68
tile:xla:9055b70355bc18f07e0594828c1d39e8,404;238;400;495;1013;1179;1185;1186;331;287
tile:xla:906f61c6ad3258e3f658150c98eaec94,25;20;41;46;50;16;9;74;24;86
tile:xla:907ee1ff31d24deb77fc84fbfd1bf63e,1;17;11;7;2;3;4;8;10;15
tile:xla:90a41de3216240f4320e842543305f33,808;730;513;588;692;63;72;150;376;469
tile:xla:91074eefd687a46b687fd56c7d10c0c3,5;4;7;1;2;3;8;0;6;0
tile:xla:922907c62f0d68f0da5ed5406543440c,126;9;77;43;22;83;49;34;122;44
tile:xla:93050017eafe63d8b11641eb99fcbec2,93;1123;834;1142;1118;890;108;1169;700;1236
tile:xla:934a554ba61f1414c5de6fc0a8d11807,144;309;288;47;177;523;52;37;280;194
tile:xla:93e2a0c7215723f0e009b40498d82b3a,247;442;67;144;562;390;449;151;563;794
tile:xla:942b89596c2757054f782393dbb56518,49;19;3;47;27;6;22;38;34;29
tile:xla:94e2e55ed352cf35e8a0ef24d873f238,3649;9614;62;4839;3288;7071;615;6865;308;1650
tile:xla:955af1868ce979a2bd525d93cf14c6ba,429;544;87;88;125;184;222;445;516;563
tile:xla:95b2e58419b293908165333a66e34fdd,5;0;3;2;4;1;0;0;0;0
tile:xla:95c97d735de61a22ee477155ed93e3c6,2;4;1;3;0;5;0;0;0;0
tile:xla:967b49200d7a075ff3e250d4d9e11928,585;1130;1953;2603;2191;507;705;758;2301;2801
tile:xla:967f7a5825dc70155c665e60c593a993,3003;2612;296;603;882;970;1395;1673;1726;2072
tile:xla:97b65df736418c04a83a476e392c8140,56;60;52;17;29;54;67;87;104;134
tile:xla:97fa518eac5aa56d856a44b79d5f3b29,3451;3975;5149;6109;59;4035;2388;5471;2442;2729
tile:xla:98059b6e824f9022bed9dac12ecd0a08,149;33;9;80;32;120;27;97;102;127
tile:xla:980d8931930aec54a406a9baaf858849,76;101;175;103;51;12;104;224;73;54
tile:xla:9846acac50adb73e14290c9a37a5e1d7,13;595;248;446;394;94;828;609;707;1
tile:xla:98c7dea3cd583b24eed321d1c02f7739,320;79;198;88;191;237;15;24;27;195
tile:xla:996ef17ef372d90df0d8ae78a8f77410,5;0;7;6;3;4;1;2;0;0
tile:xla:99bc31d868c8b3382840042d7b1c5f8c,62;315;126;787;175;378;1395;198;45;936
tile:xla:99d149bb28782835548a62b2a86b17e9,1218;1301;1368;921;567;822;329;483;214;305
tile:xla:99ed6eb16a64c1d145c339968e47d0bb,8;429;364;63;68;141;172;180;213;285
tile:xla:9a9bf922b7be5e80717ce19167207638,39;72;87;57;109;141;59;174;143;63
tile:xla:9b7b974f6dc09c4457068c900e2fa3a0,13;29;5;7;9;35;20;31;51;34
tile:xla:9c769884777d040bcbcf40f73f78c774,5;249;312;419;436;459;503;505;350;257
tile:xla:9d52b2ca6de28f497f6a630e01b4d116,115;131;67;170;140;173;52;54;74;76
tile:xla:9dafb4a352a430a02926dd7c9fe0b6cd,90;151;477;559;833;846;975;802;203;1094
tile:xla:9e415e5c28d02523eff60d25ed59ce3c,29;891;422;710;339;559;312;252;765;867
tile:xla:9e70856e418eebb3e94aeff0804e911e,74;84;13;20;79;65;41;62;54;21
tile:xla:9eb3d4f48e2eefc2d39d0abaaff46c49,2;3;0;1;0;0;0;0;0;0
tile:xla:9ebffcaed2795295fd669970f0bc648c,111;23;84;73;107;60;47;123;74;136
tile:xla:9ef6a7735eae7a5396773f0044bf1c62,1729;65;627;212;1464;620;1552;1018;2075;998
tile:xla:9f1bf5d6db6cf725b7ffe5c2ea18fa3a,181;230;183;202;158;201;117;84;26;220
tile:xla:9f52d6e5542686eb2a3df970aea81da0,107;134;128;61;132;87;160;59;84;38
tile:xla:9f559c21d3f2905ca17296b973614532,841;618;899;1192;2;414;451;628;829;863
tile:xla:9f7552f1856132b6fdb9675910825d31,2;4;1;3;0;0;0;0;0;0
tile:xla:9f96ec16f6a1e1ab92f7fc38e4e59b39,72;76;99;119;173;375;376;255;125;396
tile:xla:9faa8485d155ec0565f779f0e3df95c2,26;97;62;63;167;36;129;141;99;117
tile:xla:9ff11062d34fc188ea87b7085a3dc99d,127;91;37;39;1;52;65;94;120;121
tile:xla:9fff30d7a7f5c57c7014d78e9c9bb3b8,49;24;30;220;55;158;214;197;136;46
tile:xla:a070f890943003949c3d8797aa65a2ee,239;264;281;337;482;503;305;472;24;83
tile:xla:a08bad466e7b6dfe935e9ca736edd5a9,77;81;72;31;32;39;65;69;84;87
tile:xla:a1f78a087fa7c4a110d9cb96f3a7272a,15;7;37;74;76;92;0;2;14;35
tile:xla:a2020b67702fea7fa42a26539196cc72,29;13;26;5;17;2;20;6;14;3
tile:xla:a2441be1d862f18080942919de566bc7,399;331;311;79;188;191;257;477;489;186
tile:xla:a2abe17f7a71157034308d7802792cba,32;36;58;11;12;23;44;60;45;49
tile:xla:a339a67fb37faed0626a6e92c906ccc7,129;124;30;121;132;15;122;7;78;8
tile:xla:a38c32da3dc28def07be07e7a66c9d4f,562;41;340;444;518;711;760;919;978;1065
tile:xla:a3a3eb00797bf84b8deb3f89e21dd028,24;22;3;21;6;20;9;8;1;13
tile:xla:a3b204197115e9f824acb95a43d9a882,610;146;307;114;232;181;169;178;196;298
tile:xla:a3b933c13198ac7aa69c06c39d2441bb,29;70;36;155;93;43;152;42;146;128
tile:xla:a4a9959060067a0fc35588940915f610,1;3;5;13;18;20;19;2;10;9
tile:xla:a58c3daa252459bbd7ce93bc8d626612,14;43;36;54;13;22;32;55;50;65
tile:xla:a60824d7bc2507d903f1bd11c1f61dbe,53;27;24;105;108;99;93;69;66;62
tile:xla:a65e9dec44492a7099775bcd53e27792,260;1314;930;180;939;1523;615;857;30;148
tile:xla:a68d1cd7d56443303a1038aeb0d842b2,40;65;67;62;94;103;98;57;43;48
tile:xla:a694aaa6e3feb7fd7ed86d93f0960827,18;42;5;13;26;49;53;34;37;30
tile:xla:a6ebbfabb83ec9ccf64c632884545dc0,3516;2380;2678;778;3030;3607;3440;1416;3052;2453
tile:xla:a72b5eb39ca70e33ff4d77e2d0c51fa3,8410;7570;8780;5648;8674;7417;5561;4884;5150;1259
tile:xla:a74b3f7309f2f480711d94204d5cf9be,1863;2570;21;96;715;1571;1706;1773;1828;2260
tile:xla:a7f86c796a54a827bdb393b0149f4a87,56;69;199;73;246;353;223;57;88;259
tile:xla:a80fee40068602fce8f0edf6f1c1e4db,57;129;99;3;27;26;74;117;110;138
tile:xla:a856e8559a0f3f1e920c4841a36aab0c,81;53;11;49;7;6;27;43;33;30
tile:xla:a89510ad2f084c85f0976a8801c9fa8e,366;329;376;269;172;81;224;373;108;72
tile:xla:a9ab1ac30e2be1ed9a69c3ff00e79a32,667;851;956;715;742;538;912;580;55;71
tile:xla:aa2ab2ba25c2fca961dd190168b425bc,766;4757;6716;2074;3341;6832;2268;9427;5154;8023
tile:xla:aaafec35b0250e74b8400eb471d07161,10;185;22;142;171;95;144;2;12;209
tile:xla:ab22752fd02dd600c4dc75b263420b01,188;107;138;31;162;29;23;140;118;127
tile:xla:ac2bdcac6082ed41c1a5ece30358de2c,62;167;202;206;266;289;337;386;414;470
tile:xla:ac33f086b29e0026af2a63efc3c703d1,0;7;5;1;3;2;4;6;0;0
tile:xla:ac34c84493ed8473ec872f70d611bcf7,2091;1276;263;1383;2080;2288;1903;566;354;1205
tile:xla:ac3e48c340756d24d8881e1688f1160c,50;33;21;44;30;56;7;15;18;19
tile:xla:acf2a9dd57dcf87bc7c219c016cdc476,33;580;262;379;82;351;546;105;217;505
tile:xla:ad0aa866d2490b504afdcc09b9020ff4,264;577;780;1250;1098;1625;701;1547;68;25
tile:xla:ad5cc33e98e8da70c6a1f4bdb21a9106,519;10;63;87;96;330;430;450;546;587
tile:xla:adec0b0972a34faf87d0976694b24fec,18;64;22;103;25;98;23;26;40;62
tile:xla:ae7763d5cea2fb9abb3f648f86389a6a,1208;3188;4080;8878;6976;6723;1755;2016;7448;8938
tile:xla:af07cb670053b70eeceb38332264e164,19;27;28;14;9;5;23;21;29;16
tile:xla:af07e4d2bae8a0f60b49bcedba9037f7,211;261;269;167;125;13;115;253;190;4
tile:xla:af3301c408c3796f396d36ed9fc479f4,6519;4702;9009;5772;1148;2842;8532;4312;5188;8964
tile:xla:af936049d568cbb7490a750b0c070bc8,5;7;41;3;1;78;10;40;6;4
tile:xla:afb7c615db1c81f7095dc59b73a74ca4,82;110;71;139;114;122;72;60;83;123
tile:xla:b0086206e751b97cb30f917dbba2b290,1327;6;365;56;65;397;427;527;604;650
tile:xla:b023afa24f99d7b0f98bec000d507d01,153;49;85;97;109;116;120;138;148;169
tile:xla:b02682dd87ef664e340e7809e7c7f93a,2388;794;459;1656;417;526;958;968;1229;1699
tile:xla:b08cfe185bae21b59638bdf9079ebf7a,1079;343;195;944;1136;151;384;298;823;721
tile:xla:b095cbf276fea5b19b40f6fa80f2fc11,35;45;193;467;500;532;730;787;1193;1472
tile:xla:b09ca10a12dd0e864a63f3ebba4d60b0,586;783;255;9;300;842;251;260;205;433
tile:xla:b0a807279b5af4edefd0fd3cbf485239,27;92;5;77;112;55;106;97;85;25
tile:xla:b101ad1302f3650f58e7344a420274cb,1;0;3;2;4;0;0;0;0;0
tile:xla:b142ffd634610ac01d92a047cf50fa65,99;127;21;96;114;63;136;92;54;78
tile:xla:b1666c3dc6fb81b84c92b980347ee66c,1;127;2;9;59;74;97;138;139;156
tile:xla:b16cf8eb7fcabdece2eca493eb3625f1,3;1;5;4;0;2;0;0;0;0
tile:xla:b1fe4b41e447a71c0d2bfcb4fbae2fc4,77;109;107;79;186;161;36;176;183;49
tile:xla:b21898236867eece409f10ad0f3f18b4,1893;5052;4078;4708;1928;4724;2310;8369;4779;3938
tile:xla:b24907bb44edf57384548d9059c8d82a,1;0;2;0;0;0;0;0;0;0
tile:xla:b276fe6d8f8810e920a9b039698ce748,3;4;2;1;0;0;0;0;0;0
tile:xla:b2f4973ab72d2b15cefd50009a0b692f,472;18;249;298;319;375;465;324;173;434
tile:xla:b33abc6bdac6068f71711aa602e2e67e,611;565;102;129;257;377;509;718;811;911
tile:xla:b4303546f0cfa498ba93029bd9b235b9,24;32;49;55;10;16;30;34;37;51
tile:xla:b44fad89ffe878b16a8b6f27e1c3ea1f,67;76;85;175;208;281;295;314;318;321
tile:xla:b4a2f8653d184c1f918e3be701e8021d,7;0;12;28;25;29;56;47;21;64
tile:xla:b5101376526cb241adfaba41f4063be9,522;270;8;424;92;113;595;375;344;72
tile:xla:b52fa4fa11d4f675d8c3f44fe582f7a5,1076;918;7198;1159;4116;3218;5864;1348;1068;7151
tile:xla:b56b06085f6052f818d704d1eaa1684b,11;17;18;38;46;63;89;99;107;117
tile:xla:b5ec50fb45dc65312dfdcc50784198b8,77;56;64;54;109;0;155;145;135;12
tile:xla:b61b50a643904f4fd8186bdff541e3cf,0;2;1;0;0;0;0;0;0;0
tile:xla:b66dc61854e690e7904616ef0e85d383,106;244;296;340;431;449;561;641;696;727
tile:xla:b6c31deaf5153f25a6a3143f12f165cb,304;201;217;400;348;41;52;58;62;68
tile:xla:b6cff31be02038b09c26e792bb42f156,13;0;1;2;3;6;12;14;15;16
tile:xla:b752e1283debc25ab668bd5b7646d304,50;116;20;157;56;17;15;112;120;105
tile:xla:b802a117bd5df5a7825e5c6775c48846,308;370;402;414;562;605;749;970;1221;241
tile:xla:b85fb3fc0b72d8c4b22df53babbebe29,46;187;185;52;299;9;341;74;201;247
tile:xla:b8dddaff79ecc1c67165ca66153d885d,46;108;35;127;42;69;63;76;111;128
tile:xla:b908ca9df7ef7ceacdf3ddb444e93d47,11;90;198;393;611;723;771;774;853;861
tile:xla:b925fc933ca916eafc9070efffea8cba,39;50;51;34;47;13;24;17;32;25
tile:xla:b9294496e0c00ae8fd31b349ed7de19e,666;949;833;97;238;28;844;540;810;68
tile:xla:b986bc6f7ce4a519c6b0dbc722525308,374;325;331;59;67;100;106;110;129;169
tile:xla:b9eb5e508e84886eb22e8f0426983889,2;1;0;0;0;0;0;0;0;0
tile:xla:b9f728775791fb7e622a847ef6c121c3,31;202;603;618;626;635;1055;1124;1380;1422
tile:xla:ba5c3c76a227dd7a5e5e409455f104ff,534;562;55;1972;288;710;261;2118;924;834
tile:xla:bacd93421df104c12a24ea7d4468a114,784;427;353;1000;98;1001;1113;1186;668;116
tile:xla:bb2ae684154d4c02b00b7e61393381b6,0;2;1;0;0;0;0;0;0;0
tile:xla:bc195557ccffd5150772444ba58eebdd,82;102;70;71;91;89;51;52;100;30
tile:xla:bc525ead0923ddec0b3bedf0ff43f670,114;142;137;119;20;233;125;38;161;227
tile:xla:bc9114e341a14fd8ac6518d0075a7258,1042;837;117;923;1083;1065;509;722;247;351
tile:xla:bcdf668600d72fca99a9140e6d0eea14,118;163;135;221;131;170;235;187;67;6
tile:xla:bcecd96dc41e46e3e81fb183f33b1a20,794;420;1553;858;174;1031;636;0;423;562
tile:xla:bcfc1356eb457cba02bda1a29684fbf3,7;3;5;6;1;4;2;0;0;0
tile:xla:be956238ab0410a8e0445090a88c2170,5;18;21;20;25;1;29;7;12;14
tile:xla:bf70385fa2180ae3bdcb1bf7fb6d660e,6;0;1;5;2;4;8;7;3;0
tile:xla:bfb7199f117122f75fbb1c31d2dd5741,48;67;156;125;72;141;171;21;55;62
tile:xla:c014170031fd72d4c5f15bc3e9207770,20;2;17;64;73;88;89;100;104;122
tile:xla:c045d006aacbc85138e062a6c42ce6e5,477;516;274;77;346;165;0;27;149;275
tile:xla:c04e5ac7da7903fb5719e11b07ddbddc,502;1854;7;2022;1640;265;93;229;411;1085
tile:xla:c07bdc0db6fab4f2daafe95f39153f77,209;536;16;98;218;256;336;357;429;559
tile:xla:c166245d156bde1c8d06c0d45f697166,47;1;35;57;58;3;10;55;23;37
tile:xla:c184ffde718be11af1ee1a2c412402f2,811;178;218;306;338;345;662;727;934;998
tile:xla:c1c6537c52c72f6fc0b3f1bf736d6e50,8;7;14;10;4;5;1;15;17;2
tile:xla:c3888e2e4e233a220b5826748e9f2779,122;51;278;326;252;100;118;331;259;189
tile:xla:c3aa9b342a39adf1575eb196f63f344a,2948;6113;5725;969;2308;8477;7884;646;3143;5916
tile:xla:c3f8390f45fc6825b1ac5a203638f765,43;36;3;23;20;12;48;24;31;34
tile:xla:c4456828c54d4a318fa5b94ea5b3b305,82;98;37;58;14;1;5;13;17;23
tile:xla:c4ad8860490786bb585d04e4dc37778d,361;5;274;497;48;144;279;16;27;65
tile:xla:c518d0dd8a323ba7feb6868bce3b657c,21;32;26;27;44;5;6;12;17;20
tile:xla:c56ccd6b3d06b2eac20c2c3c40922ac1,751;1701;190;427;1626;1455;409;1295;511;1336
tile:xla:c5a94893723e87e0810192aebbfd0101,319;169;378;328;469;343;489;70;279;376
tile:xla:c63223de16ff2c8a19868b127c73ea40,20;256;22;254;9;191;12;112;225;262
tile:xla:c6552722f364b08cf897534e4328de5e,219;250;749;756;761;784;801;813;823;830
tile:xla:c65647c4099f73119530bbb0dc75be0a,145;406;984;316;376;985;813;762;660;726
tile:xla:c66bd990791f6ba6515fbc517a061726,496;346;345;336;666;0;349;426;458;550
tile:xla:c68309d96f81132a1f139bf8e5594146,492;425;527;0;390;396;203;459;225;282
tile:xla:c69e8677470ed90393dd00cb5a409863,2;4;7;6;0;5;3;1;0;0
tile:xla:c6f441991594e52cbc8c8bd43d599945,0;2;3;1;5;4;0;0;0;0
tile:xla:c7271b95855d13f6c769257eea20ee99,859;81;657;223;917;1192;294;672;1317;1592
tile:xla:c7e7e9d17a000e73a1814f6408ba034b,43;9;33;65;64;11;16;58;12;20
tile:xla:c82d6bc7a3ad0478831629eba3c72fda,8;4;6;3;13;5;10;1;17;15
tile:xla:c857310ce70be940aec46dc2e64f7e0c,88;280;341;9;17;95;105;212;254;268
tile:xla:c8610f74e80e03de57a8f0dbd0ee1bbb,200;261;669;717;904;1484;1515;1846;1947;2338
tile:xla:c884d2e82eb54a11b3307bc86b935b28,210;108;218;219;205;49;27;199;69;192
tile:xla:c8f9d0e212f3a4dd88a117ea15ebb0dd,305;1148;318;1117;840;414;884;37;63;109
tile:xla:c9ba6a78caad380bf5a39eaf301c3b07,435;405;86;224;155;293;414;363;407;164
tile:xla:c9cfe8c2d565c22b54476e118263db60,768;628;494;92;220;1;430;211;230;592
tile:xla:ca1ebd1f9c32e17f643bc1969b64150f,11;54;59;177;198;327;638;647;797;827
tile:xla:ca7d53ef4fe48767c43440b030983536,1073;281;40;530;109;1178;2156;2452;2485;2272
tile:xla:ca9db0281e9eab6b6312ff550434b199,22;10;39;30;42;4;33;15;11;25
tile:xla:cae21bd1b9577d9036ccbf71763e9a6b,274;3712;2703;5742;6735;6578;893;6972;6571;2367
tile:xla:cae813078db0ec3d1e670dfd79461978,132;220;238;113;326;22;149;271;340;396
tile:xla:cb581f3c58aaed7a0202b93452649da7,50;34;5;31;27;1;54;36;66;18
tile:xla:cb6fcb7e4d191997196e1fed5bda237f,439;236;758;187;283;304;533;564;711;764
tile:xla:cb7db25dc0d28d7cb6e87bfcfb70ea4b,133;102;137;125;30;97;12;107;118;42
tile:xla:cb9637ff9dacbd50ffac1efb6f6dbf2e,0;5;292;15;312;204;249;67;44;113
tile:xla:cba478ffcacf650b0efd981ef5231f4a,162;125;7;79;97;111;124;161;178;215
tile:xla:cbb8850daa464f4cf8c283ae19852527,71;60;31;55;63;103;136;137;138;79
tile:xla:cc5e781ed2aac1fe0c5dc33cf0150088,2;1;4;3;0;0;0;0;0;0
tile:xla:ccb67f40decf5925c6aeb4b618fbe5f6,22;32;42;74;63;2;61;33;60;27
tile:xla:ccd24fe8669e435d9ec62b0e0c880e4d,36;115;19;68;46;111;64;55;6;77
tile:xla:cd26724451b9683f844d26eec16be93f,69;47;88;23;28;31;32;38;68;85
tile:xla:cd27888d0f3364546bf6341d20ba47ac,73;158;144;55;11;61;39;112;74;132
tile:xla:cd4844bf58a646532713937879b42859,34;4;16;31;24;8;37;36;12;0
tile:xla:cd5641b29354d90e106823b25db6dcef,134;408;377;355;525;404;49;619;164;490
tile:xla:cd62bd589ea44f61b6f96edfa58feeb5,1081;534;640;1157;226;216;545;327;1230;523
tile:xla:cdd94c01b4dbb987f4ba6d670bd3c821,312;94;66;727;891;588;599;78;262;143
tile:xla:ce4b0c7efded102c8c9ba54ebd21d36a,0;1;2;3;4;5;6;7;8;9
tile:xla:ced7300f8e92b02e455adcdd6a05e02e,29;4;11;12;30;35;39;80;50;38
tile:xla:cf4e8d1395820ad462a2688bf55ce519,192;113;252;94;159;259;13;29;57;162
tile:xla:cf687a3e89fbed2e50f862089481d322,1;0;0;0;0;0;0;0;0;0
tile:xla:cf6ece46750de6d8a4b4b40f27126117,1;3;2;4;5;0;0;0;0;0
tile:xla:cf9cbefd4b92d81944f16d29b5c64f49,326;434;204;56;72;230;249;403;503;525
tile:xla:cfb953e49f6a3b8f0e407b6a5583e0db,858;38;148;163;344;387;394;398;721;902
tile:xla:cfb9e98222495f86bb1ca7ce72c9188b,4497;924;3265;224;570;849;2044;2409;2577;3086
tile:xla:cff1f1edf3d1cef28fae6479907b6b68,992;19;885;958;1064;694;797;759;23;815
tile:xla:d0658f5d4ffe63d75b9974f1e407cc72,5246;2149;2713;178;40;1512;2031;3871;4408;4635
tile:xla:d0a69155b6340748c36724e4bfc34be3,641;252;640;151;159;215;236;624;650;264
tile:xla:d100408031d0037a6e4c4332983a82e5,17;18;35;80;71;46;47;69;23;27
tile:xla:d16f006bee2cfda57b60072e08322c59,44;1;3;7;19;25;33;37;46;55
tile:xla:d29208d29e13f0e16104486a9dbc71f9,4081;1946;2679;3087;4202;3093;3738;2874;4705;2418
tile:xla:d2e4b7f548f5000adabc414e8e5ede80,456;807;315;78;39;803;449;137;605;462
tile:xla:d2eaf8a46bd1cee5196a3bceb87750de,128;129;29;98;118;7;15;58;74;91
tile:xla:d2ee32465df7d5c0574d62707400e291,7;17;2;4;6;10;13;15;16;19
tile:xla:d35abe5d56de34855605109e27dac0b0,636;814;900;128;456;167;769;535;914;2
tile:xla:d3641f84acf005e7ac6e76237b78962d,390;998;1963;226;2382;3738;2935;1164;3309;3920
tile:xla:d3b0dd7eff2e9807e3584deb1a20763b,539;268;429;114;165;211;214;419;437;447
tile:xla:d3cfca733784b40206264090c1163c0d,2284;1416;2190;3681;1258;396;925;1007;1067;1099
tile:xla:d45a74a4bed2974edcec64568d02c1b8,778;1131;268;935;877;85;927;580;438;683
tile:xla:d4e5815854c11719ea914bf791c94fea,209;1171;1487;1582;103;319;365;398;1107;1268
tile:xla:d537f7f6ba665b594a45737bdb5f2935,328;357;467;499;910;1402;1434;1595;1600;1745
tile:xla:d53fab84029143a8030db66f8a611aaf,831;780;209;652;1034;1257;486;253;268;507
tile:xla:d57c64790b1aa665dacb85b5c661844e,0;1;2;3;4;5;6;7;8;9
tile:xla:d58ebbf05cbe69c64da650ad3f59ca33,48;98;108;132;157;241;320;670;1230;1376
tile:xla:d61af94f6eb9700f222b47405afa372c,38;552;2452;439;1097;193;253;391;483;585
tile:xla:d674484b07dd75b9fb7cec69ffcb83c3,137;194;238;266;309;405;262;368;67;71
tile:xla:d694a9546041911e7011bdf984dee3e8,267;26;105;178;7;117;128;137;145;222
tile:xla:d6f5f54247bd1e58a10b9e7062c636ab,0;1;2;3;4;5;6;7;8;9
tile:xla:d700a8ca28a5904ea8649116e7e6df12,31;497;249;868;29;269;123;368;360;756
tile:xla:d704598eb9101cd14d352b4edd462155,21;1;40;15;16;39;12;23;9;30
tile:xla:d71d8c64fcf607c8350ec20199cd42a3,1150;3992;4217;4323;442;2420;810;1946;3537;985
tile:xla:d7319340546a2feb855eb43a5eca512c,6591;765;3995;1494;3367;93;177;7114;642;6376
tile:xla:d808bfc70bbedc6be8ceaa95ff340003,261;347;455;559;765;828;409;475;11;224
tile:xla:d80e888a384ce369b4f69f5d10e100f1,2835;5999;1731;5886;201;5607;1290;4445;861;1479
tile:xla:d83c54f1ddce07a9e62eca02272cf729,493;923;32;106;249;302;308;309;528;619
tile:xla:d947947a1d917b9f8e413c7bbaee70d5,52;11;39;15;40;22;24;50;9;31
tile:xla:da30568fca09011c82b8e27afa0fab17,544;101;438;366;251;74;9;39;180;481
tile:xla:da4ed05f76130320d8fbf648eb00a4a7,1739;1019;1990;2541;2639;2551;53;737;2399;624
tile:xla:da98893151bc1b4537de652cff81e34b,240;680;661;346;295;640;842;19;402;124
tile:xla:dad59ea6c5963340aa6f1c9a66a6fe16,13;6;7;16;12;14;4;11;10;17
tile:xla:daf825f7ad5126a9e17b80c78d824ddb,315;1046;655;208;452;12;137;441;479;626
tile:xla:db5191a9c6293f03921ddcee4011727f,67;92;48;99;6;5;18;24;33;40
tile:xla:db5d2a60c4333366ba138d063db62f99,126;348;197;7;85;369;91;32;214;400
tile:xla:dc00f764d094bd1bd0311882c2d7a06e,6;14;5;18;25;1;26;11;24;22
tile:xla:dc225ff8bdc136704fa674082fe72739,128;219;186;328;86;181;285;152;154;92
tile:xla:dc466422d51f4fe6c42d12c50d8dae25,69;75;43;31;20;10;12;24;33;72
tile:xla:dc5a6fa7e56de7efa5a682d05f32b31c,0;1;2;3;4;5;6;7;8;9
tile:xla:dc5a8dd0bb014e55006998fe0f59ffa4,40;54;57;24;34;26;73;69;32;68
tile:xla:dd532db07b77799c73fb16492296cd11,64;255;478;519;767;796;1165;1291;1392;1399
tile:xla:dd9f44b4701d0b1474cd0b557bb44e7b,1393;794;696;153;1268;377;502;580;119;1055
tile:xla:ddc1aaf828be051f5bc8dc263c74e793,102;9;359;476;513;273;508;518;380;520
tile:xla:de39ff36de57134c47734b558555ec3f,90;61;191;159;170;45;33;111;15;66
tile:xla:de5c1892cac311e2bc844c130b700fd0,9;35;68;77;23;28;70;76;99;110
tile:xla:df49d98b451e1cb395d3ce4dbd9ed896,1201;60;82;189;198;269;282;621;726;727
tile:xla:df5c839218f280f2c600276141e5ef4a,3;0;1;2;4;0;0;0;0;0
tile:xla:dfbb3d29f1f25805acfcfd3517fd1b01,549;2224;4795;1237;4814;2687;1751;2274;3955;1094
tile:xla:e050eca4ac71d31970d687daa906972a,164;2414;368;1743;1071;206;2238;438;1105;29
tile:xla:e0a7a62a1ed97c49ec2279b17b44b382,975;825;385;296;661;615;942;285;5;233
tile:xla:e13cf33f418ca78bae11fb69888894b7,161;125;134;140;73;35;126;10;81;146
tile:xla:e17ee291af2a690e8d91733213873970,1356;12;1419;592;751;1090;1275;52;255;822
tile:xla:e1ac69bf052406387963d7d6cdc7e25c,88;566;719;755;915;965;1028;1073;1081;1145
tile:xla:e1f8d7a86294d6d30cefd92d89e059b4,1163;4630;3798;4380;577;2439;3561;5069;187;410
tile:xla:e26a3f14db8654f8cc88ed40fa9ae9f0,4674;8710;8634;7052;1863;7990;5237;9662;7594;2443
tile:xla:e27be1eb9a7a95271d8b1f57b40d7f57,725;267;473;47;151;212;225;374;463;562
tile:xla:e282f82561fbae8f7e12cdd4bb5f6295,3125;376;425;3119;3260;3538;4864;5401;5534;6407
tile:xla:e2aee5fea14fab7c69555fefc339f0ee,0;19;16;10;3;5;2;4;6;7
tile:xla:e2b3c904deebf04573bd85ddfe7e9d30,135;104;100;61;99;52;79;60;85;35
tile:xla:e2c32ee7272e8d3a73a9188d73303b57,157;68;102;14;62;81;9;130;127;71
tile:xla:e2edc5d52b48b62fe81a5e8f3c54b7e3,36;184;56;100;164;201;10;22;156;216
tile:xla:e3117179f15a429d88cbaf543b59bfca,889;92;140;326;392;395;884;940;1143;1152
tile:xla:e36cacfb34bf1cce56654c8ee9b26d21,494;323;628;397;125;424;568;649;668;308
tile:xla:e3a655daa38e34ec240df959b650ac16,344;1016;807;118;566;663;774;950;1129;1201
tile:xla:e3b94a3e5b091cf8c6a54563005d2791,36;101;75;60;38;5;42;63;87;32
tile:xla:e40851753deff6fae17ab961fc548750,588;381;849;743;1094;862;1128;54;1015;32
tile:xla:e4240cf4a9725a8e5961af18fad91613,1350;84;1399;1655;381;933;2319;1589;1301;2638
tile:xla:e447940be23e00e40fe51936f5f43bca,3;28;24;27;2;26;20;22;13;29
tile:xla:e4e564e496dd16ca0403a399f061d789,33;26;5;27;0;11;17;18;23;37
tile:xla:e5436068a3dde90c06a776f079cabbb3,4298;3335;5938;208;2680;251;997;1294;1900;3057
tile:xla:e57ea8e3b2e3a809b55703b719d28703,1507;340;1840;3174;912;985;1108;1367;1918;3160
tile:xla:e5ad8683c4ab005b199acbcd999f6ade,1512;5246;841;1019;1526;2731;4788;7041;7447;7565
tile:xla:e66e236ccfa70ffe8c9f1d90f5663f97,4951;471;2493;4194;3314;1746;2111;4665;1874;7949
tile:xla:e67ae08f0e8d54d1a32ec54228d75607,0;1;2;0;0;0;0;0;0;0
tile:xla:e6b01e72a731dc85c54460fa4ac2e275,1333;1341;160;119;535;983;1394;314;88;778
tile:xla:e6d20793c14c87535c897bc1cf016ec1,3;12;1;4;8;11;13;17;18;20
tile:xla:e6da51470c9da95b3792a2cb9026dd68,18;29;61;9;15;33;4;6;39;10
tile:xla:e747a8cea136feb3af97b9c14cb91ade,73;26;132;63;70;113;108;41;114;78
tile:xla:e751a80a29b63b06c0752c02e3d044d4,605;535;468;780;40;260;300;628;648;733
tile:xla:e7889a813951ddd55314d62b4fcb410a,320;167;283;566;21;457;477;116;513;827
tile:xla:e78946980cbec5197d73457106391614,1550;4291;4603;71;2206;5784;3551;2504;1081;7825
tile:xla:e7b61b14387252e36dd3e7ac209b96b0,135;143;278;410;167;292;378;17;232;112
tile:xla:e7cb2308ebda53a05beade19d82d21fa,499;67;48;41;250;325;376;246;415;461
tile:xla:e82c46ac21a9c8210bd36c3ee920583a,4;1;0;3;2;0;0;0;0;0
tile:xla:e879270aa942769b17c0a9c903e540ca,60;62;174;186;188;216;274;495;620;428
tile:xla:e8c9ecaa6a2fa7146102ac35eb1e39ce,40;18;21;51;52;28;9;8;12;39
tile:xla:e8f82a9e2a1c0586cf3e9b919bec7df2,1585;3526;6598;3950;2114;1355;1339;3460;6850;5505
tile:xla:e92690fccc3e5f494d8188182254221e,1028;492;2637;1828;42;1096;2504;427;2779;2559
tile:xla:e9c514d8ef4d0820ee3b22e218cd0cb4,229;313;685;841;1133;1587;1621;1641;1685;1794
tile:xla:e9c880dbd01a67cc44ffb249bdf056a6,7607;1765;6928;7510;586;3268;6360;2270;2571;3714
tile:xla:e9dd8660b77d05e83592654fe8e6ce3d,558;1163;1707;1033;145;1313;1781;622;553;1244
tile:xla:ea535c45858fc6a6d144c7aee1286764,118;44;70;43;128;35;8;115;140;127
tile:xla:eb3e9ebf19409c5a229a279855e53710,53;197;214;7;90;217;120;243;276;183
tile:xla:ebd5d766ac8f299ba747f6e902467c99,0;5;4;2;1;3;0;0;0;0
tile:xla:ec600a2dfd408b7f367c14162eac289b,455;191;244;256;321;430;476;595;231;591
tile:xla:ec71383eb5a7236c74c76082e023648b,5472;8290;180;7152;6627;1206;5509;5852;6865;8215
tile:xla:ed01d84d08ec1bb875d17790eadb3d41,6639;1775;4965;1172;2128;4129;2208;921;167;7159
tile:xla:ed419099218a75da4326930bb8f51bf8,353;143;356;188;364;395;28;48;136;219
tile:xla:ed9eb04a4b0dfa5e698aa948a2ebc6d2,221;114;5;78;81;156;157;162;176;217
tile:xla:ede59ec3e9623ae136bd398f2ff60873,2791;3363;1778;1737;114;3118;658;675;129;1430
tile:xla:ee34e5913deecf4f545d7022c549ca1e,4;6;2;3;0;5;1;0;0;0
tile:xla:ee69241cd985c70b9f501b52f2faa93b,600;587;520;302;183;238;324;60;590;548
tile:xla:eef6e42d97e96e5bb44f88f7a1e69e7f,83;18;91;32;136;64;61;116;89;16
tile:xla:eefda5999f3cb151023fd6e3ca579f5b,502;1483;1527;8;885;540;826;82;985;1326
tile:xla:ef01e84c1e6b45721e76607762d89e35,4;34;18;74;37;15;36;55;50;0
tile:xla:ef2e1646f7820ad91ce9159310ad225d,6;4;1;2;7;5;0;3;0;0
tile:xla:ef63277646f945ea7d6f31cc7993ee9a,90;191;156;221;96;390;349;293;263;317
tile:xla:efff7ba8f177c2d82fb3829b3733af04,1663;833;5167;1269;2195;4759;1757;3958;2498;292
tile:xla:f0b21c8c29521840da93925abafe4c70,154;437;182;38;488;416;243;446;411;100
tile:xla:f0cc34eae7ef21b29e393706f512379b,11;6;3;0;13;8;10;5;1;12
tile:xla:f190e0477ae8b5885ba30e57f50dc317,589;80;77;226;269;309;321;365;512;551
tile:xla:f27400c02e0813fcdcf82ca170ad6c7c,481;296;31;227;537;226;422;28;621;267
tile:xla:f30b753157e7f35f0d1a0bc218d2b7a1,11;58;67;5;28;54;63;64;68;78
tile:xla:f386a5d9e744e78717c551428c3c6d8e,6393;740;2697;5117;5729;1514;5867;5640;2351;1195
tile:xla:f3a965b3486369fe88ea9f352bcba692,2;0;1;0;0;0;0;0;0;0
tile:xla:f3bd68fc91cc5c0ed308a65bf34e0678,512;882;155;508;949;865;131;24;361;1038
tile:xla:f42d6f5c66c860dd848846508965b9f4,127;213;258;512;613;713;992;1008;1103;1216
tile:xla:f4878c5c3cdb023f7209753b87c976e0,378;302;112;1029;1251;1028;637;576;293;491
tile:xla:f5674ac59bc9bca0c0e6146dfd7005fc,301;434;407;41;118;166;220;321;430;655
tile:xla:f5bb75aa262b9d9de17f9d33de9ea34a,594;748;31;23;78;646;990;262;13;236
tile:xla:f5ed9fd96eac718bc142da897691adc5,116;38;155;463;343;128;256;273;25;475
tile:xla:f6b3d1d3f219706a5aa8beec2226029e,73;87;95;249;26;201;24;162;79;77
tile:xla:f6df03bc54472cd0e1b085a71e7896d4,36;55;1;48;6;9;15;20;22;27
tile:xla:f712e0a643b98b990ffa4e9e08af0613,18;60;20;76;25;9;28;67;62;39
tile:xla:f78dcc4d307c8cf3ec70bd638e3e7080,13;8;0;14;25;17;1;9;15;11
tile:xla:f79d9c33309586c090cff52528e2031b,5;4;2;0;1;3;0;0;0;0
tile:xla:f7df3bba3ef1fd06956de310cb82a4f3,834;1118;125;374;380;611;684;719;745;877
tile:xla:f7fee369f128c1b8c2e799f4302b7392,410;246;287;244;449;116;369;409;495;146
tile:xla:f877751a3d3fdb4290523d317e3eae49,15;89;93;111;114;102;0;22;134;40
tile:xla:f8aeae02d3ad3910e4d31879e1790470,15;39;90;100;105;134;261;302;360;711
tile:xla:f8c2c1a1098b2a361c26df668b286c87,44;116;24;101;135;2;202;129;48;41
tile:xla:f8df57754d21a17ab0a17657ad2d34ae,39;47;102;220;241;262;324;109;292;361
tile:xla:f8f064ce8a887082ee1f4e23e3a99279,5491;7675;865;9457;3657;1116;3621;772;5963;1491
tile:xla:f90c162932deaeb3350fbaedbef3ad9c,45;22;80;26;3;39;37;62;7;19
tile:xla:f998bc97fda70a6649e8b287df06291a,505;5444;925;3967;6383;4345;5593;3738;5059;8338
tile:xla:f9ab41405f357803c8a8b86f9c425824,27;6;25;40;41;12;17;38;13;35
tile:xla:fa22caf7b94c2c10a419f99cdd516bcd,221;184;5;155;1;15;58;110;116;121
tile:xla:fa2924f2808becc73fd27d298d16fb18,34;149;266;287;329;366;369;372;425;456
tile:xla:fa5a5cc362e9ef8ae3c799ac79fa4724,3706;2181;1106;3935;63;4267;4413;4462;705;1476
tile:xla:fa61d920365de863e30b90083b675743,557;362;515;31;224;770;458;786;1003;585
tile:xla:fb1999ed1b88508a4070870724294641,459;170;228;317;356;622;763;1086;1105;1026
tile:xla:fb2c93a249ffc91d721d4b00812b75ae,134;2;72;78;97;34;46;145;139;29
tile:xla:fb407e4bee655ea59579d0cdc6a895c8,63;58;10;16;45;61;3;15;52;56
tile:xla:fb949dc9d38f1b0d84581bb5112c5275,134;66;100;70;58;91;117;80;119;63
tile:xla:fb9d14bee5689193f0cb6055e01a5027,3;34;16;0;25;18;4;29;26;37
tile:xla:fbd38110f8322addc8d639fd00c127c6,2250;1340;3109;3486;920;2190;2591;40;2184;3347
tile:xla:fbdd5a475b7a9e89dcd0dd0e0b6b3828,181;428;164;234;360;210;823;143;366;681
tile:xla:fbe543c9c2deba7b9ebd562ad3f12612,92;165;114;155;13;167;136;99;19;121
tile:xla:fc44be181e5c25d49f57de9f153e96b4,386;845;727;238;510;503;536;554;1746;2021
tile:xla:fcc32743d600c2d1a5df0f3a7ec3a525,498;1113;218;525;425;272;612;1102;173;1184
tile:xla:fd142eb08dabf7da11f10d20919afbc0,854;361;213;53;537;795;622;396;204;174
tile:xla:fd35ba82b26744c09b699fa80514beb6,1794;1136;1989;1368;513;2816;2823;1247;1890;1208
tile:xla:fd3fa3d0a39c05343eeb8403562f20cc,4466;8636;1780;8441;2661;700;752;3973;5573;5729
tile:xla:fd55c0e1e4e7167cffaed2937f702df0,0;1;4;3;2;0;0;0;0;0
tile:xla:fd6d4b9c79726bb394fc034a59c9087d,42;54;49;41;23;37;10;34;32;40
tile:xla:fde21118fd818323d81084becd905dce,23;119;124;80;47;198;18;60;103;114
tile:xla:fe1bc3c46ff722bde686c64a9da82afd,282;2251;58;90;2004;2648;3151;3584;3659;3845
tile:xla:fe52756188d770ee661f69dcd2688142,3087;873;81;4837;8877;158;8537;2652;91;7199
tile:xla:fe91ecfc5176e4dea4cec619beb19aeb,216;30;96;79;191;138;194;236;112;183
tile:xla:ff9a30ba54b97a48b9f5370a9b1e8cb6,106;33;134;36;21;15;72;5;8;71
tile:xla:ffa452493cbec7e4d2fee040879f98ae,632;891;1262;1076;1068;1122;1462;983;383;145
tile:xla:ffbfd532de0a28c79f4740753fd78006,71;141;122;118;41;40;117;150;140;75